{
  "metrics": {
    "accuracy": 0.23809523809523808,
    "precision_macro": 0.13157894736842105,
    "recall_macro": 0.16129032258064516,
    "f1_macro": 0.14492753623188406,
    "precision_per_class": {
      "comment": 0.5263157894736842,
      "profile": 0.0,
      "forum": 0.0,
      "guest": 0.0
    },
    "recall_per_class": {
      "comment": 0.6451612903225806,
      "profile": 0.0,
      "forum": 0.0,
      "guest": 0.0
    },
    "f1_per_class": {
      "comment": 0.5797101449275363,
      "profile": 0.0,
      "forum": 0.0,
      "guest": 0.0
    },
    "confusion_matrix": [
      [
        20,
        0,
        11,
        0
      ],
      [
        0,
        0,
        3,
        0
      ],
      [
        0,
        0,
        0,
        0
      ],
      [
        18,
        2,
        30,
        0
      ]
    ]
  },
  "failure_rate_reduction": {
    "baseline_accuracy": 0.5952380952380952,
    "model_accuracy": 0.23809523809523808,
    "accuracy_improvement": -0.35714285714285715,
    "relative_improvement_pct": -60.0,
    "baseline_error_rate": 0.40476190476190477,
    "model_error_rate": 0.7619047619047619,
    "failure_rate_reduction": -0.3571428571428571,
    "failure_rate_reduction_pct": -88.23529411764704
  }
}